model,accuracy,macro_f1,weighted_f1
logistic_regression,0.654,0.6510678736552098,0.6510678736552097
linear_svm,0.641,0.6363253139993378,0.6363253139993378
